,id,date,dateStandard,value,unit,address,coordinates,date_modified,acronimo_short
0,QA00NO0001,202105201100000000,UTC,29.0,µg/m3,Calçada da Ajuda,"{'x': -92781, 'y': -106663, 'z': 0, 'lat': 38.70263097, 'lng': -9.199692206}",2021-05-20 11:00:00,QA00
1,QA0NO20001,202105201100000000,UTC,163.0,µg/m3,Calçada da Ajuda,"{'x': -92781, 'y': -106663, 'z': 0, 'lat': 38.70263097, 'lng': -9.199692206}",2021-05-20 11:00:00,QA0N
2,QA00O30001,202105201100000000,UTC,143.0,µg/m3,Calçada da Ajuda,"{'x': -92781, 'y': -106663, 'z': 0, 'lat': 38.70263097, 'lng': -9.199692206}",2021-05-20 11:00:00,QA00
3,QAPM250001,202105200000000000,UTC,5.0,µg/m3,Calçada da Ajuda,"{'x': -92781, 'y': -106663, 'z': 0, 'lat': 38.70263097, 'lng': -9.199692206}",2021-05-20 00:00:00,QAPM
4,QAPM100001,202105200000000000,UTC,14.0,µg/m3,Calçada da Ajuda,"{'x': -92781, 'y': -106663, 'z': 0, 'lat': 38.70263097, 'lng': -9.199692206}",2021-05-20 00:00:00,QAPM
5,QA0SO20001,202105200000000000,UTC,-99.0,µg/m3,Calçada da Ajuda,"{'x': -92781, 'y': -106663, 'z': 0, 'lat': 38.70263097, 'lng': -9.199692206}",2021-05-20 00:00:00,QA0S
6,QA00CO0001,202105200800000000,UTC,0.0152,mg/m3,Calçada da Ajuda,"{'x': -92781, 'y': -106663, 'z': 0, 'lat': 38.70263097, 'lng': -9.199692206}",2021-05-20 08:00:00,QA00
7,RULAEQ0001,202105201100000000,UTC,53.0,dB(A),Calçada da Ajuda,"{'x': -92781, 'y': -106663, 'z': 0, 'lat': 38.70263097, 'lng': -9.199692206}",2021-05-20 11:00:00,RULA
8,ME00PA0001,202105201100000000,UTC,1016.0,Mbar,Calçada da Ajuda,"{'x': -92781, 'y': -106663, 'z': 0, 'lat': 38.70263097, 'lng': -9.199692206}",2021-05-20 11:00:00,ME00
9,ME00HR0001,202105201100000000,UTC,38.7,%,Calçada da Ajuda,"{'x': -92781, 'y': -106663, 'z': 0, 'lat': 38.70263097, 'lng': -9.199692206}",2021-05-20 11:00:00,ME00
10,METEMP0001,202105201100000000,UTC,25.3,ºC,Calçada da Ajuda,"{'x': -92781, 'y': -106663, 'z': 0, 'lat': 38.70263097, 'lng': -9.199692206}",2021-05-20 11:00:00,METE
11,ME00VI0001,202105201100000000,UTC,-99.0,km/h,Calçada da Ajuda,"{'x': -92781, 'y': -106663, 'z': 0, 'lat': 38.70263097, 'lng': -9.199692206}",2021-05-20 11:00:00,ME00
12,ME00VD0001,202105201100000000,UTC,-99.0,º,Calçada da Ajuda,"{'x': -92781, 'y': -106663, 'z': 0, 'lat': 38.70263097, 'lng': -9.199692206}",2021-05-20 11:00:00,ME00
13,ME00PP0001,202105201100000000,UTC,-99.0,mm,Calçada da Ajuda,"{'x': -92781, 'y': -106663, 'z': 0, 'lat': 38.70263097, 'lng': -9.199692206}",2021-05-20 11:00:00,ME00
14,QA00NO0002,202105201100000000,UTC,-99.0,µg/m3,Restelo - Rua Gonçalo Velho Cabral,"{'x': -93600.6515, 'y': -106330.6078, 'z': 0, 'lat': 38.70553838, 'lng': -9.20915802}",2021-05-20 11:00:00,QA00
15,QA0NO20002,202105201100000000,UTC,-99.0,µg/m3,Restelo - Rua Gonçalo Velho Cabral,"{'x': -93600.6515, 'y': -106330.6078, 'z': 0, 'lat': 38.70553838, 'lng': -9.20915802}",2021-05-20 11:00:00,QA0N
16,QA00O30002,202105201100000000,UTC,99.0,µg/m3,Restelo - Rua Gonçalo Velho Cabral,"{'x': -93600.6515, 'y': -106330.6078, 'z': 0, 'lat': 38.70553838, 'lng': -9.20915802}",2021-05-20 11:00:00,QA00
17,QAPM250002,202105200000000000,UTC,4.0,µg/m3,Restelo - Rua Gonçalo Velho Cabral,"{'x': -93600.6515, 'y': -106330.6078, 'z': 0, 'lat': 38.70553838, 'lng': -9.20915802}",2021-05-20 00:00:00,QAPM
18,QAPM100002,202105200000000000,UTC,12.0,µg/m3,Restelo - Rua Gonçalo Velho Cabral,"{'x': -93600.6515, 'y': -106330.6078, 'z': 0, 'lat': 38.70553838, 'lng': -9.20915802}",2021-05-20 00:00:00,QAPM
19,QA0SO20002,202105200000000000,UTC,-99.0,µg/m3,Restelo - Rua Gonçalo Velho Cabral,"{'x': -93600.6515, 'y': -106330.6078, 'z': 0, 'lat': 38.70553838, 'lng': -9.20915802}",2021-05-20 00:00:00,QA0S
20,QA00CO0002,202105200800000000,UTC,0.0309,mg/m3,Restelo - Rua Gonçalo Velho Cabral,"{'x': -93600.6515, 'y': -106330.6078, 'z': 0, 'lat': 38.70553838, 'lng': -9.20915802}",2021-05-20 08:00:00,QA00
21,RULAEQ0002,202105201100000000,UTC,54.0,dB(A),Restelo - Rua Gonçalo Velho Cabral,"{'x': -93600.6515, 'y': -106330.6078, 'z': 0, 'lat': 38.70553838, 'lng': -9.20915802}",2021-05-20 11:00:00,RULA
22,ME00PA0002,202105201100000000,UTC,1013.0,Mbar,Restelo - Rua Gonçalo Velho Cabral,"{'x': -93600.6515, 'y': -106330.6078, 'z': 0, 'lat': 38.70553838, 'lng': -9.20915802}",2021-05-20 11:00:00,ME00
23,ME00HR0002,202105201100000000,UTC,39.9,%,Restelo - Rua Gonçalo Velho Cabral,"{'x': -93600.6515, 'y': -106330.6078, 'z': 0, 'lat': 38.70553838, 'lng': -9.20915802}",2021-05-20 11:00:00,ME00
24,METEMP0002,202105201100000000,UTC,25.0,ºC,Restelo - Rua Gonçalo Velho Cabral,"{'x': -93600.6515, 'y': -106330.6078, 'z': 0, 'lat': 38.70553838, 'lng': -9.20915802}",2021-05-20 11:00:00,METE
25,ME00VI0002,202105201100000000,UTC,-99.0,km/h,Restelo - Rua Gonçalo Velho Cabral,"{'x': -93600.6515, 'y': -106330.6078, 'z': 0, 'lat': 38.70553838, 'lng': -9.20915802}",2021-05-20 11:00:00,ME00
26,ME00VD0002,202105201100000000,UTC,-99.0,º,Restelo - Rua Gonçalo Velho Cabral,"{'x': -93600.6515, 'y': -106330.6078, 'z': 0, 'lat': 38.70553838, 'lng': -9.20915802}",2021-05-20 11:00:00,ME00
27,ME00PP0002,202105201100000000,UTC,-99.0,mm,Restelo - Rua Gonçalo Velho Cabral,"{'x': -93600.6515, 'y': -106330.6078, 'z': 0, 'lat': 38.70553838, 'lng': -9.20915802}",2021-05-20 11:00:00,ME00
28,QA00NO0003,202105201100000000,UTC,-99.0,µg/m3,Cais do Sodré,"{'x': -87898.5002957, 'y': -106426.059635, 'z': 0, 'lat': 38.7052635, 'lng': -9.143602756}",2021-05-20 11:00:00,QA00
29,QA0NO20003,202105201100000000,UTC,8.0,µg/m3,Cais do Sodré,"{'x': -87898.5002957, 'y': -106426.059635, 'z': 0, 'lat': 38.7052635, 'lng': -9.143602756}",2021-05-20 11:00:00,QA0N
30,QA00O30003,202105201100000000,UTC,34.0,µg/m3,Cais do Sodré,"{'x': -87898.5002957, 'y': -106426.059635, 'z': 0, 'lat': 38.7052635, 'lng': -9.143602756}",2021-05-20 11:00:00,QA00
31,QAPM250003,202105200000000000,UTC,3.0,µg/m3,Cais do Sodré,"{'x': -87898.5002957, 'y': -106426.059635, 'z': 0, 'lat': 38.7052635, 'lng': -9.143602756}",2021-05-20 00:00:00,QAPM
32,QAPM100003,202105200000000000,UTC,11.0,µg/m3,Cais do Sodré,"{'x': -87898.5002957, 'y': -106426.059635, 'z': 0, 'lat': 38.7052635, 'lng': -9.143602756}",2021-05-20 00:00:00,QAPM
33,QA0SO20003,202105200000000000,UTC,-99.0,µg/m3,Cais do Sodré,"{'x': -87898.5002957, 'y': -106426.059635, 'z': 0, 'lat': 38.7052635, 'lng': -9.143602756}",2021-05-20 00:00:00,QA0S
34,QA00CO0003,202105200800000000,UTC,0.0313,mg/m3,Cais do Sodré,"{'x': -87898.5002957, 'y': -106426.059635, 'z': 0, 'lat': 38.7052635, 'lng': -9.143602756}",2021-05-20 08:00:00,QA00
35,RULAEQ0003,202105201100000000,UTC,54.0,dB(A),Cais do Sodré,"{'x': -87898.5002957, 'y': -106426.059635, 'z': 0, 'lat': 38.7052635, 'lng': -9.143602756}",2021-05-20 11:00:00,RULA
36,ME00PA0003,202105201100000000,UTC,1019.0,Mbar,Cais do Sodré,"{'x': -87898.5002957, 'y': -106426.059635, 'z': 0, 'lat': 38.7052635, 'lng': -9.143602756}",2021-05-20 11:00:00,ME00
37,ME00HR0003,202105201100000000,UTC,61.2,%,Cais do Sodré,"{'x': -87898.5002957, 'y': -106426.059635, 'z': 0, 'lat': 38.7052635, 'lng': -9.143602756}",2021-05-20 11:00:00,ME00
38,METEMP0003,202105201100000000,UTC,21.0,ºC,Cais do Sodré,"{'x': -87898.5002957, 'y': -106426.059635, 'z': 0, 'lat': 38.7052635, 'lng': -9.143602756}",2021-05-20 11:00:00,METE
39,ME00VI0003,202105201100000000,UTC,-99.0,km/h,Cais do Sodré,"{'x': -87898.5002957, 'y': -106426.059635, 'z': 0, 'lat': 38.7052635, 'lng': -9.143602756}",2021-05-20 11:00:00,ME00
40,ME00VD0003,202105201100000000,UTC,-99.0,º,Cais do Sodré,"{'x': -87898.5002957, 'y': -106426.059635, 'z': 0, 'lat': 38.7052635, 'lng': -9.143602756}",2021-05-20 11:00:00,ME00
41,ME00PP0003,202105201100000000,UTC,-99.0,mm,Cais do Sodré,"{'x': -87898.5002957, 'y': -106426.059635, 'z': 0, 'lat': 38.7052635, 'lng': -9.143602756}",2021-05-20 11:00:00,ME00
42,QA0NO20004,202105201100000000,UTC,61.0,µg/m3,Alcântara - Rua dos Lusíadas,"{'x': -90989.1053, 'y': -106364.6055, 'z': 0, 'lat': 38.70550458, 'lng': -9.179135475}",2021-05-20 11:00:00,QA0N
43,QAPM250004,202105200000000000,UTC,3.0,µg/m3,Alcântara - Rua dos Lusíadas,"{'x': -90989.1053, 'y': -106364.6055, 'z': 0, 'lat': 38.70550458, 'lng': -9.179135475}",2021-05-20 00:00:00,QAPM
44,QAPM100004,202105200000000000,UTC,5.0,µg/m3,Alcântara - Rua dos Lusíadas,"{'x': -90989.1053, 'y': -106364.6055, 'z': 0, 'lat': 38.70550458, 'lng': -9.179135475}",2021-05-20 00:00:00,QAPM
45,QA00CO0004,202105200800000000,UTC,0.28800000000000003,mg/m3,Alcântara - Rua dos Lusíadas,"{'x': -90989.1053, 'y': -106364.6055, 'z': 0, 'lat': 38.70550458, 'lng': -9.179135475}",2021-05-20 08:00:00,QA00
46,RULAEQ0004,202105201100000000,UTC,65.0,dB(A),Alcântara - Rua dos Lusíadas,"{'x': -90989.1053, 'y': -106364.6055, 'z': 0, 'lat': 38.70550458, 'lng': -9.179135475}",2021-05-20 11:00:00,RULA
47,ME00PA0004,202105201100000000,UTC,1023.0,Mbar,Alcântara - Rua dos Lusíadas,"{'x': -90989.1053, 'y': -106364.6055, 'z': 0, 'lat': 38.70550458, 'lng': -9.179135475}",2021-05-20 11:00:00,ME00
48,ME00HR0004,202105201100000000,UTC,51.6,%,Alcântara - Rua dos Lusíadas,"{'x': -90989.1053, 'y': -106364.6055, 'z': 0, 'lat': 38.70550458, 'lng': -9.179135475}",2021-05-20 11:00:00,ME00
49,METEMP0004,202105201100000000,UTC,24.2,ºC,Alcântara - Rua dos Lusíadas,"{'x': -90989.1053, 'y': -106364.6055, 'z': 0, 'lat': 38.70550458, 'lng': -9.179135475}",2021-05-20 11:00:00,METE
50,QA00NO0007,202105201100000000,UTC,151.0,µg/m3,Santa Apolónia - Avenida Infante Dom Henrique,"{'x': -86150.5924153, 'y': -105527.272627, 'z': 0, 'lat': 38.71271031, 'lng': -9.123678666}",2021-05-20 11:00:00,QA00
51,QA0NO20007,202105201100000000,UTC,181.0,µg/m3,Santa Apolónia - Avenida Infante Dom Henrique,"{'x': -86150.5924153, 'y': -105527.272627, 'z': 0, 'lat': 38.71271031, 'lng': -9.123678666}",2021-05-20 11:00:00,QA0N
52,QA00O30007,202105201100000000,UTC,268.0,µg/m3,Santa Apolónia - Avenida Infante Dom Henrique,"{'x': -86150.5924153, 'y': -105527.272627, 'z': 0, 'lat': 38.71271031, 'lng': -9.123678666}",2021-05-20 11:00:00,QA00
53,QAPM250007,202105200000000000,UTC,5.0,µg/m3,Santa Apolónia - Avenida Infante Dom Henrique,"{'x': -86150.5924153, 'y': -105527.272627, 'z': 0, 'lat': 38.71271031, 'lng': -9.123678666}",2021-05-20 00:00:00,QAPM
54,QAPM100007,202105200000000000,UTC,16.0,µg/m3,Santa Apolónia - Avenida Infante Dom Henrique,"{'x': -86150.5924153, 'y': -105527.272627, 'z': 0, 'lat': 38.71271031, 'lng': -9.123678666}",2021-05-20 00:00:00,QAPM
55,QA0SO20007,202105200000000000,UTC,2.0,µg/m3,Santa Apolónia - Avenida Infante Dom Henrique,"{'x': -86150.5924153, 'y': -105527.272627, 'z': 0, 'lat': 38.71271031, 'lng': -9.123678666}",2021-05-20 00:00:00,QA0S
56,QA00CO0007,202105200800000000,UTC,0.4732,mg/m3,Santa Apolónia - Avenida Infante Dom Henrique,"{'x': -86150.5924153, 'y': -105527.272627, 'z': 0, 'lat': 38.71271031, 'lng': -9.123678666}",2021-05-20 08:00:00,QA00
57,RULAEQ0007,202105201100000000,UTC,66.0,dB(A),Santa Apolónia - Avenida Infante Dom Henrique,"{'x': -86150.5924153, 'y': -105527.272627, 'z': 0, 'lat': 38.71271031, 'lng': -9.123678666}",2021-05-20 11:00:00,RULA
58,ME00PA0007,202105201100000000,UTC,846.0,Mbar,Santa Apolónia - Avenida Infante Dom Henrique,"{'x': -86150.5924153, 'y': -105527.272627, 'z': 0, 'lat': 38.71271031, 'lng': -9.123678666}",2021-05-20 11:00:00,ME00
59,ME00HR0007,202105201100000000,UTC,48.8,%,Santa Apolónia - Avenida Infante Dom Henrique,"{'x': -86150.5924153, 'y': -105527.272627, 'z': 0, 'lat': 38.71271031, 'lng': -9.123678666}",2021-05-20 11:00:00,ME00
60,METEMP0007,202105201100000000,UTC,18.5,ºC,Santa Apolónia - Avenida Infante Dom Henrique,"{'x': -86150.5924153, 'y': -105527.272627, 'z': 0, 'lat': 38.71271031, 'lng': -9.123678666}",2021-05-20 11:00:00,METE
61,ME00VI0007,202105201100000000,UTC,0.9,km/h,Santa Apolónia - Avenida Infante Dom Henrique,"{'x': -86150.5924153, 'y': -105527.272627, 'z': 0, 'lat': 38.71271031, 'lng': -9.123678666}",2021-05-20 11:00:00,ME00
62,ME00VD0007,202105201100000000,UTC,111.7,º,Santa Apolónia - Avenida Infante Dom Henrique,"{'x': -86150.5924153, 'y': -105527.272627, 'z': 0, 'lat': 38.71271031, 'lng': -9.123678666}",2021-05-20 11:00:00,ME00
63,ME00PP0007,202105201100000000,UTC,-99.0,mm,Santa Apolónia - Avenida Infante Dom Henrique,"{'x': -86150.5924153, 'y': -105527.272627, 'z': 0, 'lat': 38.71271031, 'lng': -9.123678666}",2021-05-20 11:00:00,ME00
64,QA0NO20010,202105201100000000,UTC,-99.0,µg/m3,Alto da Ajuda - Rua Sá Nogueira,"{'x': -92368.6953, 'y': -105730.1565, 'z': 0, 'lat': 38.7110759, 'lng': -9.195077515}",2021-05-20 11:00:00,QA0N
65,QAPM250010,202105200000000000,UTC,2.0,µg/m3,Alto da Ajuda - Rua Sá Nogueira,"{'x': -92368.6953, 'y': -105730.1565, 'z': 0, 'lat': 38.7110759, 'lng': -9.195077515}",2021-05-20 00:00:00,QAPM
66,QAPM100010,202105200000000000,UTC,4.0,µg/m3,Alto da Ajuda - Rua Sá Nogueira,"{'x': -92368.6953, 'y': -105730.1565, 'z': 0, 'lat': 38.7110759, 'lng': -9.195077515}",2021-05-20 00:00:00,QAPM
67,QA00CO0010,202105200800000000,UTC,0.1607,mg/m3,Alto da Ajuda - Rua Sá Nogueira,"{'x': -92368.6953, 'y': -105730.1565, 'z': 0, 'lat': 38.7110759, 'lng': -9.195077515}",2021-05-20 08:00:00,QA00
68,QA00NO0011,202105201100000000,UTC,-99.0,µg/m3,Avenida de Ceuta,"{'x': -90622.7279, 'y': -104679.5295, 'z': 0, 'lat': 38.72071916, 'lng': -9.17514452}",2021-05-20 11:00:00,QA00
69,QA0NO20011,202105201100000000,UTC,27.0,µg/m3,Avenida de Ceuta,"{'x': -90622.7279, 'y': -104679.5295, 'z': 0, 'lat': 38.72071916, 'lng': -9.17514452}",2021-05-20 11:00:00,QA0N
70,QAPM250011,202105200000000000,UTC,5.0,µg/m3,Avenida de Ceuta,"{'x': -90622.7279, 'y': -104679.5295, 'z': 0, 'lat': 38.72071916, 'lng': -9.17514452}",2021-05-20 00:00:00,QAPM
71,QAPM100011,202105200000000000,UTC,9.0,µg/m3,Avenida de Ceuta,"{'x': -90622.7279, 'y': -104679.5295, 'z': 0, 'lat': 38.72071916, 'lng': -9.17514452}",2021-05-20 00:00:00,QAPM
72,RULAEQ0011,202105201100000000,UTC,72.0,dB(A),Avenida de Ceuta,"{'x': -90622.7279, 'y': -104679.5295, 'z': 0, 'lat': 38.72071916, 'lng': -9.17514452}",2021-05-20 11:00:00,RULA
73,ME00PA0011,202105201100000000,UTC,1022.0,Mbar,Avenida de Ceuta,"{'x': -90622.7279, 'y': -104679.5295, 'z': 0, 'lat': 38.72071916, 'lng': -9.17514452}",2021-05-20 11:00:00,ME00
74,ME00HR0011,202105201100000000,UTC,51.6,%,Avenida de Ceuta,"{'x': -90622.7279, 'y': -104679.5295, 'z': 0, 'lat': 38.72071916, 'lng': -9.17514452}",2021-05-20 11:00:00,ME00
75,METEMP0011,202105201100000000,UTC,23.8,ºC,Avenida de Ceuta,"{'x': -90622.7279, 'y': -104679.5295, 'z': 0, 'lat': 38.72071916, 'lng': -9.17514452}",2021-05-20 11:00:00,METE
76,QA0NO20012,202105201100000000,UTC,79.0,µg/m3,Rua de São Bento,"{'x': -88730.0222, 'y': -105450.5565, 'z': 0, 'lat': 38.71396664, 'lng': -9.153285525}",2021-05-20 11:00:00,QA0N
77,QA00CO0012,202105200800000000,UTC,0.3125,mg/m3,Rua de São Bento,"{'x': -88730.0222, 'y': -105450.5565, 'z': 0, 'lat': 38.71396664, 'lng': -9.153285525}",2021-05-20 08:00:00,QA00
78,RULAEQ0012,202105201100000000,UTC,69.0,dB(A),Rua de São Bento,"{'x': -88730.0222, 'y': -105450.5565, 'z': 0, 'lat': 38.71396664, 'lng': -9.153285525}",2021-05-20 11:00:00,RULA
79,ME00PA0012,202105201100000000,UTC,1023.0,Mbar,Rua de São Bento,"{'x': -88730.0222, 'y': -105450.5565, 'z': 0, 'lat': 38.71396664, 'lng': -9.153285525}",2021-05-20 11:00:00,ME00
80,ME00HR0012,202105201100000000,UTC,49.7,%,Rua de São Bento,"{'x': -88730.0222, 'y': -105450.5565, 'z': 0, 'lat': 38.71396664, 'lng': -9.153285525}",2021-05-20 11:00:00,ME00
81,METEMP0012,202105201100000000,UTC,24.3,ºC,Rua de São Bento,"{'x': -88730.0222, 'y': -105450.5565, 'z': 0, 'lat': 38.71396664, 'lng': -9.153285525}",2021-05-20 11:00:00,METE
82,QA00NO0014,202105201100000000,UTC,-99.0,µg/m3,Praça Martim Moniz,"{'x': -87232.5135, 'y': -105315.7198, 'z': 0, 'lat': 38.71533003, 'lng': -9.1360873}",2021-05-20 11:00:00,QA00
83,QA0NO20014,202105201100000000,UTC,-99.0,µg/m3,Praça Martim Moniz,"{'x': -87232.5135, 'y': -105315.7198, 'z': 0, 'lat': 38.71533003, 'lng': -9.1360873}",2021-05-20 11:00:00,QA0N
84,QA00O30014,202105201100000000,UTC,23.0,µg/m3,Praça Martim Moniz,"{'x': -87232.5135, 'y': -105315.7198, 'z': 0, 'lat': 38.71533003, 'lng': -9.1360873}",2021-05-20 11:00:00,QA00
85,QAPM250014,202105200000000000,UTC,5.0,µg/m3,Praça Martim Moniz,"{'x': -87232.5135, 'y': -105315.7198, 'z': 0, 'lat': 38.71533003, 'lng': -9.1360873}",2021-05-20 00:00:00,QAPM
86,QAPM100014,202105200000000000,UTC,14.0,µg/m3,Praça Martim Moniz,"{'x': -87232.5135, 'y': -105315.7198, 'z': 0, 'lat': 38.71533003, 'lng': -9.1360873}",2021-05-20 00:00:00,QAPM
87,QA0SO20014,202105200000000000,UTC,13.0,µg/m3,Praça Martim Moniz,"{'x': -87232.5135, 'y': -105315.7198, 'z': 0, 'lat': 38.71533003, 'lng': -9.1360873}",2021-05-20 00:00:00,QA0S
88,QA00CO0014,202105200800000000,UTC,0.040600000000000004,mg/m3,Praça Martim Moniz,"{'x': -87232.5135, 'y': -105315.7198, 'z': 0, 'lat': 38.71533003, 'lng': -9.1360873}",2021-05-20 08:00:00,QA00
89,RULAEQ0014,202105201100000000,UTC,53.0,dB(A),Praça Martim Moniz,"{'x': -87232.5135, 'y': -105315.7198, 'z': 0, 'lat': 38.71533003, 'lng': -9.1360873}",2021-05-20 11:00:00,RULA
90,ME00PA0014,202105201100000000,UTC,1019.0,Mbar,Praça Martim Moniz,"{'x': -87232.5135, 'y': -105315.7198, 'z': 0, 'lat': 38.71533003, 'lng': -9.1360873}",2021-05-20 11:00:00,ME00
91,ME00HR0014,202105201100000000,UTC,42.7,%,Praça Martim Moniz,"{'x': -87232.5135, 'y': -105315.7198, 'z': 0, 'lat': 38.71533003, 'lng': -9.1360873}",2021-05-20 11:00:00,ME00
92,METEMP0014,202105201100000000,UTC,24.9,ºC,Praça Martim Moniz,"{'x': -87232.5135, 'y': -105315.7198, 'z': 0, 'lat': 38.71533003, 'lng': -9.1360873}",2021-05-20 11:00:00,METE
93,ME00VI0014,202105201100000000,UTC,-99.0,km/h,Praça Martim Moniz,"{'x': -87232.5135, 'y': -105315.7198, 'z': 0, 'lat': 38.71533003, 'lng': -9.1360873}",2021-05-20 11:00:00,ME00
94,ME00VD0014,202105201100000000,UTC,-99.0,º,Praça Martim Moniz,"{'x': -87232.5135, 'y': -105315.7198, 'z': 0, 'lat': 38.71533003, 'lng': -9.1360873}",2021-05-20 11:00:00,ME00
95,ME00PP0014,202105201100000000,UTC,-99.0,mm,Praça Martim Moniz,"{'x': -87232.5135, 'y': -105315.7198, 'z': 0, 'lat': 38.71533003, 'lng': -9.1360873}",2021-05-20 11:00:00,ME00
96,QA0NO20016,202105201100000000,UTC,48.0,µg/m3,Cemitério dos Prazeres,"{'x': -90280.9102, 'y': -105463.342, 'z': 0, 'lat': 38.71369455, 'lng': -9.171112565}",2021-05-20 11:00:00,QA0N
97,QAPM250016,202105200000000000,UTC,4.0,µg/m3,Cemitério dos Prazeres,"{'x': -90280.9102, 'y': -105463.342, 'z': 0, 'lat': 38.71369455, 'lng': -9.171112565}",2021-05-20 00:00:00,QAPM
98,QAPM100016,202105200000000000,UTC,8.0,µg/m3,Cemitério dos Prazeres,"{'x': -90280.9102, 'y': -105463.342, 'z': 0, 'lat': 38.71369455, 'lng': -9.171112565}",2021-05-20 00:00:00,QAPM
99,QA00CO0016,202105200800000000,UTC,0.2487,mg/m3,Cemitério dos Prazeres,"{'x': -90280.9102, 'y': -105463.342, 'z': 0, 'lat': 38.71369455, 'lng': -9.171112565}",2021-05-20 08:00:00,QA00
100,ME00PA0016,202105201100000000,UTC,1022.0,Mbar,Cemitério dos Prazeres,"{'x': -90280.9102, 'y': -105463.342, 'z': 0, 'lat': 38.71369455, 'lng': -9.171112565}",2021-05-20 11:00:00,ME00
101,ME00HR0016,202105201100000000,UTC,55.6,%,Cemitério dos Prazeres,"{'x': -90280.9102, 'y': -105463.342, 'z': 0, 'lat': 38.71369455, 'lng': -9.171112565}",2021-05-20 11:00:00,ME00
102,METEMP0016,202105201100000000,UTC,22.9,ºC,Cemitério dos Prazeres,"{'x': -90280.9102, 'y': -105463.342, 'z': 0, 'lat': 38.71369455, 'lng': -9.171112565}",2021-05-20 11:00:00,METE
103,QA0NO20018,202105201100000000,UTC,34.0,µg/m3,Parque de Campismo de Lisboa,"{'x': -93395.7023929, 'y': -104309.46051, 'z': 0, 'lat': 38.72376372, 'lng': -9.207074661}",2021-05-20 11:00:00,QA0N
104,QAPM250018,202105200000000000,UTC,3.0,µg/m3,Parque de Campismo de Lisboa,"{'x': -93395.7023929, 'y': -104309.46051, 'z': 0, 'lat': 38.72376372, 'lng': -9.207074661}",2021-05-20 00:00:00,QAPM
105,QAPM100018,202105200000000000,UTC,7.0,µg/m3,Parque de Campismo de Lisboa,"{'x': -93395.7023929, 'y': -104309.46051, 'z': 0, 'lat': 38.72376372, 'lng': -9.207074661}",2021-05-20 00:00:00,QAPM
106,QA00CO0018,202105200800000000,UTC,0.2024,mg/m3,Parque de Campismo de Lisboa,"{'x': -93395.7023929, 'y': -104309.46051, 'z': 0, 'lat': 38.72376372, 'lng': -9.207074661}",2021-05-20 08:00:00,QA00
107,RULAEQ0018,202105201100000000,UTC,60.0,dB(A),Parque de Campismo de Lisboa,"{'x': -93395.7023929, 'y': -104309.46051, 'z': 0, 'lat': 38.72376372, 'lng': -9.207074661}",2021-05-20 11:00:00,RULA
108,ME00PA0018,202105201100000000,UTC,1022.0,Mbar,Parque de Campismo de Lisboa,"{'x': -93395.7023929, 'y': -104309.46051, 'z': 0, 'lat': 38.72376372, 'lng': -9.207074661}",2021-05-20 11:00:00,ME00
109,ME00HR0018,202105201100000000,UTC,46.6,%,Parque de Campismo de Lisboa,"{'x': -93395.7023929, 'y': -104309.46051, 'z': 0, 'lat': 38.72376372, 'lng': -9.207074661}",2021-05-20 11:00:00,ME00
110,METEMP0018,202105201100000000,UTC,25.1,ºC,Parque de Campismo de Lisboa,"{'x': -93395.7023929, 'y': -104309.46051, 'z': 0, 'lat': 38.72376372, 'lng': -9.207074661}",2021-05-20 11:00:00,METE
111,QA00NO0019,202105201100000000,UTC,49.0,µg/m3,Monsanto - Alameda Keil do Amaral,"{'x': -92395, 'y': -104728, 'z': 0, 'lat': 38.72009921, 'lng': -9.195513512}",2021-05-20 11:00:00,QA00
112,QA0NO20019,202105201100000000,UTC,243.0,µg/m3,Monsanto - Alameda Keil do Amaral,"{'x': -92395, 'y': -104728, 'z': 0, 'lat': 38.72009921, 'lng': -9.195513512}",2021-05-20 11:00:00,QA0N
113,QA00O30019,202105201100000000,UTC,94.0,µg/m3,Monsanto - Alameda Keil do Amaral,"{'x': -92395, 'y': -104728, 'z': 0, 'lat': 38.72009921, 'lng': -9.195513512}",2021-05-20 11:00:00,QA00
114,QAPM250019,202105200000000000,UTC,-99.0,µg/m3,Monsanto - Alameda Keil do Amaral,"{'x': -92395, 'y': -104728, 'z': 0, 'lat': 38.72009921, 'lng': -9.195513512}",2021-05-20 00:00:00,QAPM
115,QAPM100019,202105200000000000,UTC,2.0,µg/m3,Monsanto - Alameda Keil do Amaral,"{'x': -92395, 'y': -104728, 'z': 0, 'lat': 38.72009921, 'lng': -9.195513512}",2021-05-20 00:00:00,QAPM
116,QA0SO20019,202105200000000000,UTC,13.0,µg/m3,Monsanto - Alameda Keil do Amaral,"{'x': -92395, 'y': -104728, 'z': 0, 'lat': 38.72009921, 'lng': -9.195513512}",2021-05-20 00:00:00,QA0S
117,QA00CO0019,202105200800000000,UTC,0.0859,mg/m3,Monsanto - Alameda Keil do Amaral,"{'x': -92395, 'y': -104728, 'z': 0, 'lat': 38.72009921, 'lng': -9.195513512}",2021-05-20 08:00:00,QA00
118,RULAEQ0019,202105201100000000,UTC,54.0,dB(A),Monsanto - Alameda Keil do Amaral,"{'x': -92395, 'y': -104728, 'z': 0, 'lat': 38.72009921, 'lng': -9.195513512}",2021-05-20 11:00:00,RULA
119,ME00PA0019,202105201100000000,UTC,994.0,Mbar,Monsanto - Alameda Keil do Amaral,"{'x': -92395, 'y': -104728, 'z': 0, 'lat': 38.72009921, 'lng': -9.195513512}",2021-05-20 11:00:00,ME00
120,ME00HR0019,202105201100000000,UTC,44.2,%,Monsanto - Alameda Keil do Amaral,"{'x': -92395, 'y': -104728, 'z': 0, 'lat': 38.72009921, 'lng': -9.195513512}",2021-05-20 11:00:00,ME00
121,METEMP0019,202105201100000000,UTC,24.8,ºC,Monsanto - Alameda Keil do Amaral,"{'x': -92395, 'y': -104728, 'z': 0, 'lat': 38.72009921, 'lng': -9.195513512}",2021-05-20 11:00:00,METE
122,ME00VI0019,202105201100000000,UTC,-99.0,km/h,Monsanto - Alameda Keil do Amaral,"{'x': -92395, 'y': -104728, 'z': 0, 'lat': 38.72009921, 'lng': -9.195513512}",2021-05-20 11:00:00,ME00
123,ME00VD0019,202105201100000000,UTC,-99.0,º,Monsanto - Alameda Keil do Amaral,"{'x': -92395, 'y': -104728, 'z': 0, 'lat': 38.72009921, 'lng': -9.195513512}",2021-05-20 11:00:00,ME00
124,ME00PP0019,202105201100000000,UTC,-99.0,mm,Monsanto - Alameda Keil do Amaral,"{'x': -92395, 'y': -104728, 'z': 0, 'lat': 38.72009921, 'lng': -9.195513512}",2021-05-20 11:00:00,ME00
125,QA0NO20020,202105201100000000,UTC,84.0,µg/m3,Avenida da Liberdade - Rua Manuel Jesus Coelho,"{'x': -88091.2606, 'y': -104677.567772, 'z': 0, 'lat': 38.72099262, 'lng': -9.146040679}",2021-05-20 11:00:00,QA0N
126,QAPM250020,202105200000000000,UTC,4.0,µg/m3,Avenida da Liberdade - Rua Manuel Jesus Coelho,"{'x': -88091.2606, 'y': -104677.567772, 'z': 0, 'lat': 38.72099262, 'lng': -9.146040679}",2021-05-20 00:00:00,QAPM
127,QAPM100020,202105200000000000,UTC,9.0,µg/m3,Avenida da Liberdade - Rua Manuel Jesus Coelho,"{'x': -88091.2606, 'y': -104677.567772, 'z': 0, 'lat': 38.72099262, 'lng': -9.146040679}",2021-05-20 00:00:00,QAPM
128,QA00CO0020,202105200800000000,UTC,0.2877,mg/m3,Avenida da Liberdade - Rua Manuel Jesus Coelho,"{'x': -88091.2606, 'y': -104677.567772, 'z': 0, 'lat': 38.72099262, 'lng': -9.146040679}",2021-05-20 08:00:00,QA00
129,RULAEQ0020,202105201100000000,UTC,73.0,dB(A),Avenida da Liberdade - Rua Manuel Jesus Coelho,"{'x': -88091.2606, 'y': -104677.567772, 'z': 0, 'lat': 38.72099262, 'lng': -9.146040679}",2021-05-20 11:00:00,RULA
130,ME00PA0020,202105201100000000,UTC,1024.0,Mbar,Avenida da Liberdade - Rua Manuel Jesus Coelho,"{'x': -88091.2606, 'y': -104677.567772, 'z': 0, 'lat': 38.72099262, 'lng': -9.146040679}",2021-05-20 11:00:00,ME00
131,ME00HR0020,202105201100000000,UTC,48.0,%,Avenida da Liberdade - Rua Manuel Jesus Coelho,"{'x': -88091.2606, 'y': -104677.567772, 'z': 0, 'lat': 38.72099262, 'lng': -9.146040679}",2021-05-20 11:00:00,ME00
132,METEMP0020,202105201100000000,UTC,23.6,ºC,Avenida da Liberdade - Rua Manuel Jesus Coelho,"{'x': -88091.2606, 'y': -104677.567772, 'z': 0, 'lat': 38.72099262, 'lng': -9.146040679}",2021-05-20 11:00:00,METE
133,ME00PA0025,202105201100000000,UTC,1022.0,Mbar,Monsanto - Parque Ecológico,"{'x': -91599.1099218, 'y': -102497.814875, 'z': 0, 'lat': 38.74026849, 'lng': -9.186658409}",2021-05-20 11:00:00,ME00
134,ME00HR0025,202105201100000000,UTC,54.5,%,Monsanto - Parque Ecológico,"{'x': -91599.1099218, 'y': -102497.814875, 'z': 0, 'lat': 38.74026849, 'lng': -9.186658409}",2021-05-20 11:00:00,ME00
135,METEMP0025,202105201100000000,UTC,24.8,ºC,Monsanto - Parque Ecológico,"{'x': -91599.1099218, 'y': -102497.814875, 'z': 0, 'lat': 38.74026849, 'lng': -9.186658409}",2021-05-20 11:00:00,METE
136,QA0NO20026,202105201100000000,UTC,46.0,µg/m3,Parada Alto de São João,"{'x': -86007.1276, 'y': -103793.9521, 'z': 0, 'lat': 38.72915635, 'lng': -9.122189}",2021-05-20 11:00:00,QA0N
137,QAPM250026,202105200000000000,UTC,3.0,µg/m3,Parada Alto de São João,"{'x': -86007.1276, 'y': -103793.9521, 'z': 0, 'lat': 38.72915635, 'lng': -9.122189}",2021-05-20 00:00:00,QAPM
138,QAPM100026,202105200000000000,UTC,9.0,µg/m3,Parada Alto de São João,"{'x': -86007.1276, 'y': -103793.9521, 'z': 0, 'lat': 38.72915635, 'lng': -9.122189}",2021-05-20 00:00:00,QAPM
139,QA00CO0026,202105200800000000,UTC,0.22410000000000002,mg/m3,Parada Alto de São João,"{'x': -86007.1276, 'y': -103793.9521, 'z': 0, 'lat': 38.72915635, 'lng': -9.122189}",2021-05-20 08:00:00,QA00
140,ME00PA0026,202105201100000000,UTC,1024.0,Mbar,Parada Alto de São João,"{'x': -86007.1276, 'y': -103793.9521, 'z': 0, 'lat': 38.72915635, 'lng': -9.122189}",2021-05-20 11:00:00,ME00
141,ME00HR0026,202105201100000000,UTC,52.6,%,Parada Alto de São João,"{'x': -86007.1276, 'y': -103793.9521, 'z': 0, 'lat': 38.72915635, 'lng': -9.122189}",2021-05-20 11:00:00,ME00
142,METEMP0026,202105201100000000,UTC,26.2,ºC,Parada Alto de São João,"{'x': -86007.1276, 'y': -103793.9521, 'z': 0, 'lat': 38.72915635, 'lng': -9.122189}",2021-05-20 11:00:00,METE
143,QA00NO0028,202105201100000000,UTC,250.0,µg/m3,Beato - Avenida Infante Dom Henrique,"{'x': -84726, 'y': -103853, 'z': 0, 'lat': 38.72874822, 'lng': -9.107450823}",2021-05-20 11:00:00,QA00
144,QA0NO20028,202105201100000000,UTC,-99.0,µg/m3,Beato - Avenida Infante Dom Henrique,"{'x': -84726, 'y': -103853, 'z': 0, 'lat': 38.72874822, 'lng': -9.107450823}",2021-05-20 11:00:00,QA0N
145,QA00O30028,202105201100000000,UTC,-99.0,µg/m3,Beato - Avenida Infante Dom Henrique,"{'x': -84726, 'y': -103853, 'z': 0, 'lat': 38.72874822, 'lng': -9.107450823}",2021-05-20 11:00:00,QA00
146,QAPM250028,202105200000000000,UTC,4.0,µg/m3,Beato - Avenida Infante Dom Henrique,"{'x': -84726, 'y': -103853, 'z': 0, 'lat': 38.72874822, 'lng': -9.107450823}",2021-05-20 00:00:00,QAPM
147,QAPM100028,202105200000000000,UTC,13.0,µg/m3,Beato - Avenida Infante Dom Henrique,"{'x': -84726, 'y': -103853, 'z': 0, 'lat': 38.72874822, 'lng': -9.107450823}",2021-05-20 00:00:00,QAPM
148,QA0SO20028,202105200000000000,UTC,-99.0,µg/m3,Beato - Avenida Infante Dom Henrique,"{'x': -84726, 'y': -103853, 'z': 0, 'lat': 38.72874822, 'lng': -9.107450823}",2021-05-20 00:00:00,QA0S
149,QA00CO0028,202105200800000000,UTC,0.12660000000000002,mg/m3,Beato - Avenida Infante Dom Henrique,"{'x': -84726, 'y': -103853, 'z': 0, 'lat': 38.72874822, 'lng': -9.107450823}",2021-05-20 08:00:00,QA00
150,RULAEQ0028,202105201100000000,UTC,53.0,dB(A),Beato - Avenida Infante Dom Henrique,"{'x': -84726, 'y': -103853, 'z': 0, 'lat': 38.72874822, 'lng': -9.107450823}",2021-05-20 11:00:00,RULA
151,ME00PA0028,202105201100000000,UTC,1020.0,Mbar,Beato - Avenida Infante Dom Henrique,"{'x': -84726, 'y': -103853, 'z': 0, 'lat': 38.72874822, 'lng': -9.107450823}",2021-05-20 11:00:00,ME00
152,ME00HR0028,202105201100000000,UTC,54.5,%,Beato - Avenida Infante Dom Henrique,"{'x': -84726, 'y': -103853, 'z': 0, 'lat': 38.72874822, 'lng': -9.107450823}",2021-05-20 11:00:00,ME00
153,METEMP0028,202105201100000000,UTC,22.8,ºC,Beato - Avenida Infante Dom Henrique,"{'x': -84726, 'y': -103853, 'z': 0, 'lat': 38.72874822, 'lng': -9.107450823}",2021-05-20 11:00:00,METE
154,ME00VI0028,202105201100000000,UTC,-99.0,km/h,Beato - Avenida Infante Dom Henrique,"{'x': -84726, 'y': -103853, 'z': 0, 'lat': 38.72874822, 'lng': -9.107450823}",2021-05-20 11:00:00,ME00
155,ME00VD0028,202105201100000000,UTC,-99.0,º,Beato - Avenida Infante Dom Henrique,"{'x': -84726, 'y': -103853, 'z': 0, 'lat': 38.72874822, 'lng': -9.107450823}",2021-05-20 11:00:00,ME00
156,ME00PP0028,202105201100000000,UTC,-99.0,mm,Beato - Avenida Infante Dom Henrique,"{'x': -84726, 'y': -103853, 'z': 0, 'lat': 38.72874822, 'lng': -9.107450823}",2021-05-20 11:00:00,ME00
157,QA00NO0031,202105201100000000,UTC,73.0,µg/m3,Largo da Madre de Deus,"{'x': -85362.1995248, 'y': -103483.992963, 'z': 0, 'lat': 38.73201061, 'lng': -9.114811563}",2021-05-20 11:00:00,QA00
158,QA0NO20031,202105201100000000,UTC,176.0,µg/m3,Largo da Madre de Deus,"{'x': -85362.1995248, 'y': -103483.992963, 'z': 0, 'lat': 38.73201061, 'lng': -9.114811563}",2021-05-20 11:00:00,QA0N
159,QA00O30031,202105201100000000,UTC,189.0,µg/m3,Largo da Madre de Deus,"{'x': -85362.1995248, 'y': -103483.992963, 'z': 0, 'lat': 38.73201061, 'lng': -9.114811563}",2021-05-20 11:00:00,QA00
160,QAPM250031,202105200000000000,UTC,6.0,µg/m3,Largo da Madre de Deus,"{'x': -85362.1995248, 'y': -103483.992963, 'z': 0, 'lat': 38.73201061, 'lng': -9.114811563}",2021-05-20 00:00:00,QAPM
161,QAPM100031,202105200000000000,UTC,16.0,µg/m3,Largo da Madre de Deus,"{'x': -85362.1995248, 'y': -103483.992963, 'z': 0, 'lat': 38.73201061, 'lng': -9.114811563}",2021-05-20 00:00:00,QAPM
162,QA0SO20031,202105200000000000,UTC,13.0,µg/m3,Largo da Madre de Deus,"{'x': -85362.1995248, 'y': -103483.992963, 'z': 0, 'lat': 38.73201061, 'lng': -9.114811563}",2021-05-20 00:00:00,QA0S
163,QA00CO0031,202105200800000000,UTC,0.352,mg/m3,Largo da Madre de Deus,"{'x': -85362.1995248, 'y': -103483.992963, 'z': 0, 'lat': 38.73201061, 'lng': -9.114811563}",2021-05-20 08:00:00,QA00
164,RULAEQ0031,202105201100000000,UTC,61.0,dB(A),Largo da Madre de Deus,"{'x': -85362.1995248, 'y': -103483.992963, 'z': 0, 'lat': 38.73201061, 'lng': -9.114811563}",2021-05-20 11:00:00,RULA
165,ME00PA0031,202105201100000000,UTC,1010.0,Mbar,Largo da Madre de Deus,"{'x': -85362.1995248, 'y': -103483.992963, 'z': 0, 'lat': 38.73201061, 'lng': -9.114811563}",2021-05-20 11:00:00,ME00
166,ME00HR0031,202105201100000000,UTC,46.8,%,Largo da Madre de Deus,"{'x': -85362.1995248, 'y': -103483.992963, 'z': 0, 'lat': 38.73201061, 'lng': -9.114811563}",2021-05-20 11:00:00,ME00
167,METEMP0031,202105201100000000,UTC,23.8,ºC,Largo da Madre de Deus,"{'x': -85362.1995248, 'y': -103483.992963, 'z': 0, 'lat': 38.73201061, 'lng': -9.114811563}",2021-05-20 11:00:00,METE
168,ME00VI0031,202105201100000000,UTC,-99.0,km/h,Largo da Madre de Deus,"{'x': -85362.1995248, 'y': -103483.992963, 'z': 0, 'lat': 38.73201061, 'lng': -9.114811563}",2021-05-20 11:00:00,ME00
169,ME00VD0031,202105201100000000,UTC,-99.0,º,Largo da Madre de Deus,"{'x': -85362.1995248, 'y': -103483.992963, 'z': 0, 'lat': 38.73201061, 'lng': -9.114811563}",2021-05-20 11:00:00,ME00
170,ME00PP0031,202105201100000000,UTC,-99.0,mm,Largo da Madre de Deus,"{'x': -85362.1995248, 'y': -103483.992963, 'z': 0, 'lat': 38.73201061, 'lng': -9.114811563}",2021-05-20 11:00:00,ME00
171,QA0NO20032,202105201100000000,UTC,41.0,µg/m3,Rua de Campolide,"{'x': -89530.5767, 'y': -103374.27, 'z': 0, 'lat': 38.73258651, 'lng': -9.162756915}",2021-05-20 11:00:00,QA0N
172,QA00O30032,202105201100000000,UTC,84.0,µg/m3,Rua de Campolide,"{'x': -89530.5767, 'y': -103374.27, 'z': 0, 'lat': 38.73258651, 'lng': -9.162756915}",2021-05-20 11:00:00,QA00
173,QAPM250032,202105200000000000,UTC,2.0,µg/m3,Rua de Campolide,"{'x': -89530.5767, 'y': -103374.27, 'z': 0, 'lat': 38.73258651, 'lng': -9.162756915}",2021-05-20 00:00:00,QAPM
174,QAPM100032,202105200000000000,UTC,6.0,µg/m3,Rua de Campolide,"{'x': -89530.5767, 'y': -103374.27, 'z': 0, 'lat': 38.73258651, 'lng': -9.162756915}",2021-05-20 00:00:00,QAPM
175,QA00CO0032,202105200800000000,UTC,0.2462,mg/m3,Rua de Campolide,"{'x': -89530.5767, 'y': -103374.27, 'z': 0, 'lat': 38.73258651, 'lng': -9.162756915}",2021-05-20 08:00:00,QA00
176,RULAEQ0032,202105201100000000,UTC,69.0,dB(A),Rua de Campolide,"{'x': -89530.5767, 'y': -103374.27, 'z': 0, 'lat': 38.73258651, 'lng': -9.162756915}",2021-05-20 11:00:00,RULA
177,ME00PA0032,202105201100000000,UTC,1022.0,Mbar,Rua de Campolide,"{'x': -89530.5767, 'y': -103374.27, 'z': 0, 'lat': 38.73258651, 'lng': -9.162756915}",2021-05-20 11:00:00,ME00
178,ME00HR0032,202105201100000000,UTC,50.8,%,Rua de Campolide,"{'x': -89530.5767, 'y': -103374.27, 'z': 0, 'lat': 38.73258651, 'lng': -9.162756915}",2021-05-20 11:00:00,ME00
179,METEMP0032,202105201100000000,UTC,25.2,ºC,Rua de Campolide,"{'x': -89530.5767, 'y': -103374.27, 'z': 0, 'lat': 38.73258651, 'lng': -9.162756915}",2021-05-20 11:00:00,METE
180,QA00NO0034,202105201100000000,UTC,192.0,µg/m3,Avenida da Républica,"{'x': -88039.8519, 'y': -103019.5149, 'z': 0, 'lat': 38.73593143, 'lng': -9.145660419}",2021-05-20 11:00:00,QA00
181,QA0NO20034,202105201100000000,UTC,156.0,µg/m3,Avenida da Républica,"{'x': -88039.8519, 'y': -103019.5149, 'z': 0, 'lat': 38.73593143, 'lng': -9.145660419}",2021-05-20 11:00:00,QA0N
182,QA00O30034,202105201100000000,UTC,198.0,µg/m3,Avenida da Républica,"{'x': -88039.8519, 'y': -103019.5149, 'z': 0, 'lat': 38.73593143, 'lng': -9.145660419}",2021-05-20 11:00:00,QA00
183,QAPM250034,202105200000000000,UTC,6.0,µg/m3,Avenida da Républica,"{'x': -88039.8519, 'y': -103019.5149, 'z': 0, 'lat': 38.73593143, 'lng': -9.145660419}",2021-05-20 00:00:00,QAPM
184,QAPM100034,202105200000000000,UTC,16.0,µg/m3,Avenida da Républica,"{'x': -88039.8519, 'y': -103019.5149, 'z': 0, 'lat': 38.73593143, 'lng': -9.145660419}",2021-05-20 00:00:00,QAPM
185,QA0SO20034,202105200000000000,UTC,13.0,µg/m3,Avenida da Républica,"{'x': -88039.8519, 'y': -103019.5149, 'z': 0, 'lat': 38.73593143, 'lng': -9.145660419}",2021-05-20 00:00:00,QA0S
186,QA00CO0034,202105200800000000,UTC,0.5776,mg/m3,Avenida da Républica,"{'x': -88039.8519, 'y': -103019.5149, 'z': 0, 'lat': 38.73593143, 'lng': -9.145660419}",2021-05-20 08:00:00,QA00
187,RULAEQ0034,202105201100000000,UTC,79.0,dB(A),Avenida da Républica,"{'x': -88039.8519, 'y': -103019.5149, 'z': 0, 'lat': 38.73593143, 'lng': -9.145660419}",2021-05-20 11:00:00,RULA
188,ME00PA0034,202105201100000000,UTC,1009.0,Mbar,Avenida da Républica,"{'x': -88039.8519, 'y': -103019.5149, 'z': 0, 'lat': 38.73593143, 'lng': -9.145660419}",2021-05-20 11:00:00,ME00
189,ME00HR0034,202105201100000000,UTC,42.9,%,Avenida da Républica,"{'x': -88039.8519, 'y': -103019.5149, 'z': 0, 'lat': 38.73593143, 'lng': -9.145660419}",2021-05-20 11:00:00,ME00
190,METEMP0034,202105201100000000,UTC,24.6,ºC,Avenida da Républica,"{'x': -88039.8519, 'y': -103019.5149, 'z': 0, 'lat': 38.73593143, 'lng': -9.145660419}",2021-05-20 11:00:00,METE
191,ME00VI0034,202105201100000000,UTC,-99.0,km/h,Avenida da Républica,"{'x': -88039.8519, 'y': -103019.5149, 'z': 0, 'lat': 38.73593143, 'lng': -9.145660419}",2021-05-20 11:00:00,ME00
192,ME00VD0034,202105201100000000,UTC,-99.0,º,Avenida da Républica,"{'x': -88039.8519, 'y': -103019.5149, 'z': 0, 'lat': 38.73593143, 'lng': -9.145660419}",2021-05-20 11:00:00,ME00
193,ME00PP0034,202105201100000000,UTC,-99.0,mm,Avenida da Républica,"{'x': -88039.8519, 'y': -103019.5149, 'z': 0, 'lat': 38.73593143, 'lng': -9.145660419}",2021-05-20 11:00:00,ME00
194,CT0TMD0034,202105201200000000,UTC,1.0,Veículos,,,2021-05-20 12:00:00,CT0T
195,QA00NO0042,202105201100000000,UTC,-99.0,µg/m3,Travessa de Francisco Rezende,"{'x': -92258.9756, 'y': -102128.3935, 'z': 0, 'lat': 38.74352708, 'lng': -9.19429606}",2021-05-20 11:00:00,QA00
196,QA0NO20042,202105201100000000,UTC,48.0,µg/m3,Travessa de Francisco Rezende,"{'x': -92258.9756, 'y': -102128.3935, 'z': 0, 'lat': 38.74352708, 'lng': -9.19429606}",2021-05-20 11:00:00,QA0N
197,QAPM250042,202105200000000000,UTC,5.0,µg/m3,Travessa de Francisco Rezende,"{'x': -92258.9756, 'y': -102128.3935, 'z': 0, 'lat': 38.74352708, 'lng': -9.19429606}",2021-05-20 00:00:00,QAPM
198,QAPM100042,202105200000000000,UTC,7.0,µg/m3,Travessa de Francisco Rezende,"{'x': -92258.9756, 'y': -102128.3935, 'z': 0, 'lat': 38.74352708, 'lng': -9.19429606}",2021-05-20 00:00:00,QAPM
199,RULAEQ0042,202105201100000000,UTC,59.0,dB(A),Travessa de Francisco Rezende,"{'x': -92258.9756, 'y': -102128.3935, 'z': 0, 'lat': 38.74352708, 'lng': -9.19429606}",2021-05-20 11:00:00,RULA
200,ME00PA0042,202105201100000000,UTC,1025.0,Mbar,Travessa de Francisco Rezende,"{'x': -92258.9756, 'y': -102128.3935, 'z': 0, 'lat': 38.74352708, 'lng': -9.19429606}",2021-05-20 11:00:00,ME00
201,ME00HR0042,202105201100000000,UTC,48.4,%,Travessa de Francisco Rezende,"{'x': -92258.9756, 'y': -102128.3935, 'z': 0, 'lat': 38.74352708, 'lng': -9.19429606}",2021-05-20 11:00:00,ME00
202,METEMP0042,202105201100000000,UTC,26.6,ºC,Travessa de Francisco Rezende,"{'x': -92258.9756, 'y': -102128.3935, 'z': 0, 'lat': 38.74352708, 'lng': -9.19429606}",2021-05-20 11:00:00,METE
203,QA0NO20045,202105201100000000,UTC,41.0,µg/m3,Rua Frei Carlos,"{'x': -89021, 'y': -101951, 'z': 0, 'lat': 38.74545696, 'lng': -9.157080438}",2021-05-20 11:00:00,QA0N
204,QA00O30045,202105201100000000,UTC,81.0,µg/m3,Rua Frei Carlos,"{'x': -89021, 'y': -101951, 'z': 0, 'lat': 38.74545696, 'lng': -9.157080438}",2021-05-20 11:00:00,QA00
205,QAPM250045,202105200000000000,UTC,3.0,µg/m3,Rua Frei Carlos,"{'x': -89021, 'y': -101951, 'z': 0, 'lat': 38.74545696, 'lng': -9.157080438}",2021-05-20 00:00:00,QAPM
206,QAPM100045,202105200000000000,UTC,8.0,µg/m3,Rua Frei Carlos,"{'x': -89021, 'y': -101951, 'z': 0, 'lat': 38.74545696, 'lng': -9.157080438}",2021-05-20 00:00:00,QAPM
207,QA00CO0045,202105200800000000,UTC,0.3018,mg/m3,Rua Frei Carlos,"{'x': -89021, 'y': -101951, 'z': 0, 'lat': 38.74545696, 'lng': -9.157080438}",2021-05-20 08:00:00,QA00
208,ME00PA0045,202105201100000000,UTC,1022.0,Mbar,Rua Frei Carlos,"{'x': -89021, 'y': -101951, 'z': 0, 'lat': 38.74545696, 'lng': -9.157080438}",2021-05-20 11:00:00,ME00
209,ME00HR0045,202105201100000000,UTC,48.4,%,Rua Frei Carlos,"{'x': -89021, 'y': -101951, 'z': 0, 'lat': 38.74545696, 'lng': -9.157080438}",2021-05-20 11:00:00,ME00
210,METEMP0045,202105201100000000,UTC,26.8,ºC,Rua Frei Carlos,"{'x': -89021, 'y': -101951, 'z': 0, 'lat': 38.74545696, 'lng': -9.157080438}",2021-05-20 11:00:00,METE
211,QA0NO20046,202105201100000000,UTC,36.0,µg/m3,Entrecampos,"{'x': -88298.4125452, 'y': -101585.429043, 'z': 0, 'lat': 38.74882206, 'lng': -9.148816683}",2021-05-20 11:00:00,QA0N
212,QA00O30046,202105201100000000,UTC,99.0,µg/m3,Entrecampos,"{'x': -88298.4125452, 'y': -101585.429043, 'z': 0, 'lat': 38.74882206, 'lng': -9.148816683}",2021-05-20 11:00:00,QA00
213,QAPM250046,202105200000000000,UTC,5.0,µg/m3,Entrecampos,"{'x': -88298.4125452, 'y': -101585.429043, 'z': 0, 'lat': 38.74882206, 'lng': -9.148816683}",2021-05-20 00:00:00,QAPM
214,QAPM100046,202105200000000000,UTC,11.0,µg/m3,Entrecampos,"{'x': -88298.4125452, 'y': -101585.429043, 'z': 0, 'lat': 38.74882206, 'lng': -9.148816683}",2021-05-20 00:00:00,QAPM
215,QA00CO0046,202105200800000000,UTC,0.2528,mg/m3,Entrecampos,"{'x': -88298.4125452, 'y': -101585.429043, 'z': 0, 'lat': 38.74882206, 'lng': -9.148816683}",2021-05-20 08:00:00,QA00
216,RULAEQ0046,202105201100000000,UTC,67.0,dB(A),Entrecampos,"{'x': -88298.4125452, 'y': -101585.429043, 'z': 0, 'lat': 38.74882206, 'lng': -9.148816683}",2021-05-20 11:00:00,RULA
217,QA0NO20050,202105201100000000,UTC,44.0,µg/m3,Chelas - Rua Dr. José Espirito Santo,"{'x': -84546.2939, 'y': -101218.7354, 'z': 0, 'lat': 38.75249186, 'lng': -9.10570629}",2021-05-20 11:00:00,QA0N
218,QAPM250050,202105200000000000,UTC,6.0,µg/m3,Chelas - Rua Dr. José Espirito Santo,"{'x': -84546.2939, 'y': -101218.7354, 'z': 0, 'lat': 38.75249186, 'lng': -9.10570629}",2021-05-20 00:00:00,QAPM
219,QAPM100050,202105200000000000,UTC,11.0,µg/m3,Chelas - Rua Dr. José Espirito Santo,"{'x': -84546.2939, 'y': -101218.7354, 'z': 0, 'lat': 38.75249186, 'lng': -9.10570629}",2021-05-20 00:00:00,QAPM
220,QA00CO0050,202105200800000000,UTC,0.2306,mg/m3,Chelas - Rua Dr. José Espirito Santo,"{'x': -84546.2939, 'y': -101218.7354, 'z': 0, 'lat': 38.75249186, 'lng': -9.10570629}",2021-05-20 08:00:00,QA00
221,ME00PA0050,202105201100000000,UTC,1016.0,Mbar,Chelas - Rua Dr. José Espirito Santo,"{'x': -84546.2939, 'y': -101218.7354, 'z': 0, 'lat': 38.75249186, 'lng': -9.10570629}",2021-05-20 11:00:00,ME00
222,ME00HR0050,202105201100000000,UTC,54.7,%,Chelas - Rua Dr. José Espirito Santo,"{'x': -84546.2939, 'y': -101218.7354, 'z': 0, 'lat': 38.75249186, 'lng': -9.10570629}",2021-05-20 11:00:00,ME00
223,METEMP0050,202105201100000000,UTC,26.2,ºC,Chelas - Rua Dr. José Espirito Santo,"{'x': -84546.2939, 'y': -101218.7354, 'z': 0, 'lat': 38.75249186, 'lng': -9.10570629}",2021-05-20 11:00:00,METE
224,ME00VI0050,202105201100000000,UTC,8.8,km/h,Chelas - Rua Dr. José Espirito Santo,"{'x': -84546.2939, 'y': -101218.7354, 'z': 0, 'lat': 38.75249186, 'lng': -9.10570629}",2021-05-20 11:00:00,ME00
225,ME00VD0050,202105201100000000,UTC,62.0,º,Chelas - Rua Dr. José Espirito Santo,"{'x': -84546.2939, 'y': -101218.7354, 'z': 0, 'lat': 38.75249186, 'lng': -9.10570629}",2021-05-20 11:00:00,ME00
226,QA0NO20059,202105201100000000,UTC,123.0,µg/m3,Parque da Vinha - Estação Meteorológica,"{'x': -86390.3012, 'y': -100146.7938, 'z': 0, 'lat': 38.76196817, 'lng': -9.127050234}",2021-05-20 11:00:00,QA0N
227,QA00O30059,202105201100000000,UTC,-99.0,µg/m3,Parque da Vinha - Estação Meteorológica,"{'x': -86390.3012, 'y': -100146.7938, 'z': 0, 'lat': 38.76196817, 'lng': -9.127050234}",2021-05-20 11:00:00,QA00
228,QAPM250059,202105200000000000,UTC,7.0,µg/m3,Parque da Vinha - Estação Meteorológica,"{'x': -86390.3012, 'y': -100146.7938, 'z': 0, 'lat': 38.76196817, 'lng': -9.127050234}",2021-05-20 00:00:00,QAPM
229,QAPM100059,202105200000000000,UTC,11.0,µg/m3,Parque da Vinha - Estação Meteorológica,"{'x': -86390.3012, 'y': -100146.7938, 'z': 0, 'lat': 38.76196817, 'lng': -9.127050234}",2021-05-20 00:00:00,QAPM
230,QA00CO0059,202105200800000000,UTC,0.26780000000000004,mg/m3,Parque da Vinha - Estação Meteorológica,"{'x': -86390.3012, 'y': -100146.7938, 'z': 0, 'lat': 38.76196817, 'lng': -9.127050234}",2021-05-20 08:00:00,QA00
231,ME00PA0059,202105201100000000,UTC,1020.0,Mbar,Parque da Vinha - Estação Meteorológica,"{'x': -86390.3012, 'y': -100146.7938, 'z': 0, 'lat': 38.76196817, 'lng': -9.127050234}",2021-05-20 11:00:00,ME00
232,ME00HR0059,202105201100000000,UTC,40.2,%,Parque da Vinha - Estação Meteorológica,"{'x': -86390.3012, 'y': -100146.7938, 'z': 0, 'lat': 38.76196817, 'lng': -9.127050234}",2021-05-20 11:00:00,ME00
233,METEMP0059,202105201100000000,UTC,25.0,ºC,Parque da Vinha - Estação Meteorológica,"{'x': -86390.3012, 'y': -100146.7938, 'z': 0, 'lat': 38.76196817, 'lng': -9.127050234}",2021-05-20 11:00:00,METE
234,QA0NO20060,202105201100000000,UTC,23.0,µg/m3,Olivais Sul - Quinta Pedagógica,"{'x': -85061.7123, 'y': -100006.3866, 'z': 0, 'lat': 38.76336177, 'lng': -9.111783853}",2021-05-20 11:00:00,QA0N
235,QAPM250060,202105200000000000,UTC,2.0,µg/m3,Olivais Sul - Quinta Pedagógica,"{'x': -85061.7123, 'y': -100006.3866, 'z': 0, 'lat': 38.76336177, 'lng': -9.111783853}",2021-05-20 00:00:00,QAPM
236,QAPM100060,202105200000000000,UTC,4.0,µg/m3,Olivais Sul - Quinta Pedagógica,"{'x': -85061.7123, 'y': -100006.3866, 'z': 0, 'lat': 38.76336177, 'lng': -9.111783853}",2021-05-20 00:00:00,QAPM
237,QA00CO0060,202105200800000000,UTC,0.19240000000000002,mg/m3,Olivais Sul - Quinta Pedagógica,"{'x': -85061.7123, 'y': -100006.3866, 'z': 0, 'lat': 38.76336177, 'lng': -9.111783853}",2021-05-20 08:00:00,QA00
238,ME00PA0060,202105201100000000,UTC,1022.0,Mbar,Olivais Sul - Quinta Pedagógica,"{'x': -85061.7123, 'y': -100006.3866, 'z': 0, 'lat': 38.76336177, 'lng': -9.111783853}",2021-05-20 11:00:00,ME00
239,ME00HR0060,202105201100000000,UTC,49.3,%,Olivais Sul - Quinta Pedagógica,"{'x': -85061.7123, 'y': -100006.3866, 'z': 0, 'lat': 38.76336177, 'lng': -9.111783853}",2021-05-20 11:00:00,ME00
240,METEMP0060,202105201100000000,UTC,25.9,ºC,Olivais Sul - Quinta Pedagógica,"{'x': -85061.7123, 'y': -100006.3866, 'z': 0, 'lat': 38.76336177, 'lng': -9.111783853}",2021-05-20 11:00:00,METE
241,QA0NO20063,202105201100000000,UTC,31.0,µg/m3,Estrada Militar,"{'x': -91608.0409, 'y': -98658.5229, 'z': 0, 'lat': 38.77484653, 'lng': -9.187269711}",2021-05-20 11:00:00,QA0N
242,QA00O30063,202105201100000000,UTC,87.0,µg/m3,Estrada Militar,"{'x': -91608.0409, 'y': -98658.5229, 'z': 0, 'lat': 38.77484653, 'lng': -9.187269711}",2021-05-20 11:00:00,QA00
243,QAPM250063,202105200000000000,UTC,4.0,µg/m3,Estrada Militar,"{'x': -91608.0409, 'y': -98658.5229, 'z': 0, 'lat': 38.77484653, 'lng': -9.187269711}",2021-05-20 00:00:00,QAPM
244,QAPM100063,202105200000000000,UTC,9.0,µg/m3,Estrada Militar,"{'x': -91608.0409, 'y': -98658.5229, 'z': 0, 'lat': 38.77484653, 'lng': -9.187269711}",2021-05-20 00:00:00,QAPM
245,QA00CO0063,202105200800000000,UTC,0.2255,mg/m3,Estrada Militar,"{'x': -91608.0409, 'y': -98658.5229, 'z': 0, 'lat': 38.77484653, 'lng': -9.187269711}",2021-05-20 08:00:00,QA00
246,ME00PA0063,202105201100000000,UTC,1023.0,Mbar,Estrada Militar,"{'x': -91608.0409, 'y': -98658.5229, 'z': 0, 'lat': 38.77484653, 'lng': -9.187269711}",2021-05-20 11:00:00,ME00
247,ME00HR0063,202105201100000000,UTC,57.4,%,Estrada Militar,"{'x': -91608.0409, 'y': -98658.5229, 'z': 0, 'lat': 38.77484653, 'lng': -9.187269711}",2021-05-20 11:00:00,ME00
248,METEMP0063,202105201100000000,UTC,23.7,ºC,Estrada Militar,"{'x': -91608.0409, 'y': -98658.5229, 'z': 0, 'lat': 38.77484653, 'lng': -9.187269711}",2021-05-20 11:00:00,METE
249,QA0NO20066,202105201100000000,UTC,46.0,µg/m3,Rua Ilha dos Amores,"{'x': -83407.2181, 'y': -98395.952, 'z': 0, 'lat': 38.77802453, 'lng': -9.092944984}",2021-05-20 11:00:00,QA0N
250,QA00CO0066,202105200800000000,UTC,0.2441,mg/m3,Rua Ilha dos Amores,"{'x': -83407.2181, 'y': -98395.952, 'z': 0, 'lat': 38.77802453, 'lng': -9.092944984}",2021-05-20 08:00:00,QA00
251,RULAEQ0066,202105201100000000,UTC,56.0,dB(A),Rua Ilha dos Amores,"{'x': -83407.2181, 'y': -98395.952, 'z': 0, 'lat': 38.77802453, 'lng': -9.092944984}",2021-05-20 11:00:00,RULA
252,ME00PA0066,202105201100000000,UTC,1024.0,Mbar,Rua Ilha dos Amores,"{'x': -83407.2181, 'y': -98395.952, 'z': 0, 'lat': 38.77802453, 'lng': -9.092944984}",2021-05-20 11:00:00,ME00
253,ME00HR0066,202105201100000000,UTC,56.3,%,Rua Ilha dos Amores,"{'x': -83407.2181, 'y': -98395.952, 'z': 0, 'lat': 38.77802453, 'lng': -9.092944984}",2021-05-20 11:00:00,ME00
254,METEMP0066,202105201100000000,UTC,25.1,ºC,Rua Ilha dos Amores,"{'x': -83407.2181, 'y': -98395.952, 'z': 0, 'lat': 38.77802453, 'lng': -9.092944984}",2021-05-20 11:00:00,METE
255,QA0NO20067,202105201100000000,UTC,21.0,µg/m3,Rua Vasco da Gama Fernandes,"{'x': -87903.1571567, 'y': -98372.5310825, 'z': 0, 'lat': 38.77779913, 'lng': -9.144679191}",2021-05-20 11:00:00,QA0N
256,QA00CO0067,202105200800000000,UTC,0.20420000000000002,mg/m3,Rua Vasco da Gama Fernandes,"{'x': -87903.1571567, 'y': -98372.5310825, 'z': 0, 'lat': 38.77779913, 'lng': -9.144679191}",2021-05-20 08:00:00,QA00
257,ME00PA0067,202105201100000000,UTC,1024.0,Mbar,Rua Vasco da Gama Fernandes,"{'x': -87903.1571567, 'y': -98372.5310825, 'z': 0, 'lat': 38.77779913, 'lng': -9.144679191}",2021-05-20 11:00:00,ME00
258,ME00HR0067,202105201100000000,UTC,50.8,%,Rua Vasco da Gama Fernandes,"{'x': -87903.1571567, 'y': -98372.5310825, 'z': 0, 'lat': 38.77779913, 'lng': -9.144679191}",2021-05-20 11:00:00,ME00
259,METEMP0067,202105201100000000,UTC,25.4,ºC,Rua Vasco da Gama Fernandes,"{'x': -87903.1571567, 'y': -98372.5310825, 'z': 0, 'lat': 38.77779913, 'lng': -9.144679191}",2021-05-20 11:00:00,METE
260,CT0TMD0069,202105201200000000,UTC,121.0,Veículos,,,2021-05-20 12:00:00,CT0T
261,QA0NO20071,202105201100000000,UTC,26.0,µg/m3,Estrada Militar às Galinheiras,"{'x': -88392.9253, 'y': -96891.6314, 'z': 0, 'lat': 38.79108817, 'lng': -9.15050406}",2021-05-20 11:00:00,QA0N
262,QAPM250071,202105200000000000,UTC,4.0,µg/m3,Estrada Militar às Galinheiras,"{'x': -88392.9253, 'y': -96891.6314, 'z': 0, 'lat': 38.79108817, 'lng': -9.15050406}",2021-05-20 00:00:00,QAPM
263,QAPM100071,202105200000000000,UTC,9.0,µg/m3,Estrada Militar às Galinheiras,"{'x': -88392.9253, 'y': -96891.6314, 'z': 0, 'lat': 38.79108817, 'lng': -9.15050406}",2021-05-20 00:00:00,QAPM
264,QA00CO0071,202105200800000000,UTC,0.2141,mg/m3,Estrada Militar às Galinheiras,"{'x': -88392.9253, 'y': -96891.6314, 'z': 0, 'lat': 38.79108817, 'lng': -9.15050406}",2021-05-20 08:00:00,QA00
265,RULAEQ0071,202105201100000000,UTC,53.0,dB(A),Estrada Militar às Galinheiras,"{'x': -88392.9253, 'y': -96891.6314, 'z': 0, 'lat': 38.79108817, 'lng': -9.15050406}",2021-05-20 11:00:00,RULA
266,ME00PA0071,202105201100000000,UTC,1022.0,Mbar,Estrada Militar às Galinheiras,"{'x': -88392.9253, 'y': -96891.6314, 'z': 0, 'lat': 38.79108817, 'lng': -9.15050406}",2021-05-20 11:00:00,ME00
267,ME00HR0071,202105201100000000,UTC,53.2,%,Estrada Militar às Galinheiras,"{'x': -88392.9253, 'y': -96891.6314, 'z': 0, 'lat': 38.79108817, 'lng': -9.15050406}",2021-05-20 11:00:00,ME00
268,METEMP0071,202105201100000000,UTC,24.5,ºC,Estrada Militar às Galinheiras,"{'x': -88392.9253, 'y': -96891.6314, 'z': 0, 'lat': 38.79108817, 'lng': -9.15050406}",2021-05-20 11:00:00,METE
269,QA00NO0073,202105201100000000,UTC,-99.0,µg/m3,Rua Alferes Malheiro,"{'x': -87078.9361, 'y': -100471.4716, 'z': 0, 'lat': 38.75897624, 'lng': -9.134931138}",2021-05-20 11:00:00,QA00
270,QA0NO20073,202105201100000000,UTC,39.0,µg/m3,Rua Alferes Malheiro,"{'x': -87078.9361, 'y': -100471.4716, 'z': 0, 'lat': 38.75897624, 'lng': -9.134931138}",2021-05-20 11:00:00,QA0N
271,QAPM250073,202105200000000000,UTC,4.0,µg/m3,Rua Alferes Malheiro,"{'x': -87078.9361, 'y': -100471.4716, 'z': 0, 'lat': 38.75897624, 'lng': -9.134931138}",2021-05-20 00:00:00,QAPM
272,QAPM100073,202105200000000000,UTC,11.0,µg/m3,Rua Alferes Malheiro,"{'x': -87078.9361, 'y': -100471.4716, 'z': 0, 'lat': 38.75897624, 'lng': -9.134931138}",2021-05-20 00:00:00,QAPM
273,RULAEQ0073,202105201100000000,UTC,52.0,dB(A),Rua Alferes Malheiro,"{'x': -87078.9361, 'y': -100471.4716, 'z': 0, 'lat': 38.75897624, 'lng': -9.134931138}",2021-05-20 11:00:00,RULA
274,ME00PA0073,202105201100000000,UTC,1024.0,Mbar,Rua Alferes Malheiro,"{'x': -87078.9361, 'y': -100471.4716, 'z': 0, 'lat': 38.75897624, 'lng': -9.134931138}",2021-05-20 11:00:00,ME00
275,ME00HR0073,202105201100000000,UTC,49.1,%,Rua Alferes Malheiro,"{'x': -87078.9361, 'y': -100471.4716, 'z': 0, 'lat': 38.75897624, 'lng': -9.134931138}",2021-05-20 11:00:00,ME00
276,METEMP0073,202105201100000000,UTC,25.4,ºC,Rua Alferes Malheiro,"{'x': -87078.9361, 'y': -100471.4716, 'z': 0, 'lat': 38.75897624, 'lng': -9.134931138}",2021-05-20 11:00:00,METE
277,QA0NO20075,202105201100000000,UTC,73.0,µg/m3,Alameda Padre Álvaro Proença,"{'x': -92895.6540286, 'y': -101540.553343, 'z': 0, 'lat': 38.7487548, 'lng': -9.20169705}",2021-05-20 11:00:00,QA0N
278,QAPM250075,202105200000000000,UTC,2.0,µg/m3,Alameda Padre Álvaro Proença,"{'x': -92895.6540286, 'y': -101540.553343, 'z': 0, 'lat': 38.7487548, 'lng': -9.20169705}",2021-05-20 00:00:00,QAPM
279,QAPM100075,202105200000000000,UTC,5.0,µg/m3,Alameda Padre Álvaro Proença,"{'x': -92895.6540286, 'y': -101540.553343, 'z': 0, 'lat': 38.7487548, 'lng': -9.20169705}",2021-05-20 00:00:00,QAPM
280,QA00CO0075,202105200800000000,UTC,0.39280000000000004,mg/m3,Alameda Padre Álvaro Proença,"{'x': -92895.6540286, 'y': -101540.553343, 'z': 0, 'lat': 38.7487548, 'lng': -9.20169705}",2021-05-20 08:00:00,QA00
281,RULAEQ0075,202105201100000000,UTC,64.0,dB(A),Alameda Padre Álvaro Proença,"{'x': -92895.6540286, 'y': -101540.553343, 'z': 0, 'lat': 38.7487548, 'lng': -9.20169705}",2021-05-20 11:00:00,RULA
282,ME00PA0075,202105201100000000,UTC,1025.0,Mbar,Alameda Padre Álvaro Proença,"{'x': -92895.6540286, 'y': -101540.553343, 'z': 0, 'lat': 38.7487548, 'lng': -9.20169705}",2021-05-20 11:00:00,ME00
283,ME00HR0075,202105201100000000,UTC,46.2,%,Alameda Padre Álvaro Proença,"{'x': -92895.6540286, 'y': -101540.553343, 'z': 0, 'lat': 38.7487548, 'lng': -9.20169705}",2021-05-20 11:00:00,ME00
284,METEMP0075,202105201100000000,UTC,25.5,ºC,Alameda Padre Álvaro Proença,"{'x': -92895.6540286, 'y': -101540.553343, 'z': 0, 'lat': 38.7487548, 'lng': -9.20169705}",2021-05-20 11:00:00,METE
285,QA00NO0077,202105201100000000,UTC,-99.0,µg/m3,Rua da Atalaia,"{'x': -88028.3418889, 'y': -105499.540474, 'z': 0, 'lat': 38.71359556, 'lng': -9.145212878}",2021-05-20 11:00:00,QA00
286,QA0NO20077,202105201100000000,UTC,33.0,µg/m3,Rua da Atalaia,"{'x': -88028.3418889, 'y': -105499.540474, 'z': 0, 'lat': 38.71359556, 'lng': -9.145212878}",2021-05-20 11:00:00,QA0N
287,RULAEQ0077,202105201100000000,UTC,60.0,dB(A),Rua da Atalaia,"{'x': -88028.3418889, 'y': -105499.540474, 'z': 0, 'lat': 38.71359556, 'lng': -9.145212878}",2021-05-20 11:00:00,RULA
288,ME00PA0077,202105201100000000,UTC,1025.0,Mbar,Rua da Atalaia,"{'x': -88028.3418889, 'y': -105499.540474, 'z': 0, 'lat': 38.71359556, 'lng': -9.145212878}",2021-05-20 11:00:00,ME00
289,ME00HR0077,202105201100000000,UTC,46.8,%,Rua da Atalaia,"{'x': -88028.3418889, 'y': -105499.540474, 'z': 0, 'lat': 38.71359556, 'lng': -9.145212878}",2021-05-20 11:00:00,ME00
290,METEMP0077,202105201100000000,UTC,26.3,ºC,Rua da Atalaia,"{'x': -88028.3418889, 'y': -105499.540474, 'z': 0, 'lat': 38.71359556, 'lng': -9.145212878}",2021-05-20 11:00:00,METE
291,QA0NO20078,202105201100000000,UTC,31.0,µg/m3,Jardim da Estrela,"{'x': -89255.1331, 'y': -105323.8973, 'z': 0, 'lat': 38.71505459, 'lng': -9.159338426}",2021-05-20 11:00:00,QA0N
292,QAPM250078,202105200000000000,UTC,2.0,µg/m3,Jardim da Estrela,"{'x': -89255.1331, 'y': -105323.8973, 'z': 0, 'lat': 38.71505459, 'lng': -9.159338426}",2021-05-20 00:00:00,QAPM
293,QAPM100078,202105200000000000,UTC,7.0,µg/m3,Jardim da Estrela,"{'x': -89255.1331, 'y': -105323.8973, 'z': 0, 'lat': 38.71505459, 'lng': -9.159338426}",2021-05-20 00:00:00,QAPM
294,QA00CO0078,202105200800000000,UTC,0.2521,mg/m3,Jardim da Estrela,"{'x': -89255.1331, 'y': -105323.8973, 'z': 0, 'lat': 38.71505459, 'lng': -9.159338426}",2021-05-20 08:00:00,QA00
295,RULAEQ0078,202105201100000000,UTC,64.0,dB(A),Jardim da Estrela,"{'x': -89255.1331, 'y': -105323.8973, 'z': 0, 'lat': 38.71505459, 'lng': -9.159338426}",2021-05-20 11:00:00,RULA
296,ME00PA0078,202105201100000000,UTC,1015.0,Mbar,Jardim da Estrela,"{'x': -89255.1331, 'y': -105323.8973, 'z': 0, 'lat': 38.71505459, 'lng': -9.159338426}",2021-05-20 11:00:00,ME00
297,ME00HR0078,202105201100000000,UTC,40.0,%,Jardim da Estrela,"{'x': -89255.1331, 'y': -105323.8973, 'z': 0, 'lat': 38.71505459, 'lng': -9.159338426}",2021-05-20 11:00:00,ME00
298,METEMP0078,202105201100000000,UTC,27.8,ºC,Jardim da Estrela,"{'x': -89255.1331, 'y': -105323.8973, 'z': 0, 'lat': 38.71505459, 'lng': -9.159338426}",2021-05-20 11:00:00,METE
299,QA0NO20079,202105201100000000,UTC,30.0,µg/m3,AV. DR. LUIS GOMES / AV. DE BERLIM,"{'x': -84666.8, 'y': -99295.3, 'z': 0, 'lat': 38.76980435, 'lng': -9.107327912}",2021-05-20 11:00:00,QA0N
300,QA00O30079,202105201100000000,UTC,62.0,µg/m3,AV. DR. LUIS GOMES / AV. DE BERLIM,"{'x': -84666.8, 'y': -99295.3, 'z': 0, 'lat': 38.76980435, 'lng': -9.107327912}",2021-05-20 11:00:00,QA00
301,QA00CO0079,202105200800000000,UTC,0.3019,mg/m3,AV. DR. LUIS GOMES / AV. DE BERLIM,"{'x': -84666.8, 'y': -99295.3, 'z': 0, 'lat': 38.76980435, 'lng': -9.107327912}",2021-05-20 08:00:00,QA00
302,ME00PA0079,202105201100000000,UTC,1023.0,Mbar,AV. DR. LUIS GOMES / AV. DE BERLIM,"{'x': -84666.8, 'y': -99295.3, 'z': 0, 'lat': 38.76980435, 'lng': -9.107327912}",2021-05-20 11:00:00,ME00
303,ME00HR0079,202105201100000000,UTC,51.1,%,AV. DR. LUIS GOMES / AV. DE BERLIM,"{'x': -84666.8, 'y': -99295.3, 'z': 0, 'lat': 38.76980435, 'lng': -9.107327912}",2021-05-20 11:00:00,ME00
304,METEMP0079,202105201100000000,UTC,25.8,ºC,AV. DR. LUIS GOMES / AV. DE BERLIM,"{'x': -84666.8, 'y': -99295.3, 'z': 0, 'lat': 38.76980435, 'lng': -9.107327912}",2021-05-20 11:00:00,METE
305,CT0TMD0079,202105201200000000,UTC,70.0,Veículos,,,2021-05-20 12:00:00,CT0T
306,CT0TMD0076,202105201200000000,UTC,2.0,Veículos,,,2021-05-20 12:00:00,CT0T
